{"cameraMode":{"drawMode":0,"name":"Shaded","section":"Shading Mode"},"sceneLighting":true,"audioPlay":false,"sceneViewState":{"showFog":true,"showMaterialUpdate":false,"showSkybox":true,"showFlares":true,"showImageEffects":true,"showParticleSystems":true},"in2DMode":false,"pivot":{"x":-1.6654053926467896,"y":18.920368194580079,"z":-25.613767623901368},"rotation":{"x":-0.3600601851940155,"y":0.017604291439056398,"z":-0.006795024964958429,"w":-0.9327382445335388},"size":35.61443328857422,"orthographic":false}