{"cameraMode":{"drawMode":0,"name":"Shaded","section":"Shading Mode"},"sceneLighting":true,"audioPlay":false,"sceneViewState":{"showFog":true,"showMaterialUpdate":false,"showSkybox":true,"showFlares":true,"showImageEffects":true,"showParticleSystems":true},"in2DMode":false,"pivot":{"x":357.5894470214844,"y":246.2232208251953,"z":-1.6134201288223267},"rotation":{"x":0.20203043520450593,"y":-0.7753077745437622,"z":0.3038395047187805,"w":0.5155220627784729},"size":266.05450439453127,"orthographic":true}