{"cameraMode":{"drawMode":0,"name":"Shaded","section":"Shading Mode"},"sceneLighting":false,"audioPlay":false,"sceneViewState":{"showFog":true,"showMaterialUpdate":false,"showSkybox":true,"showFlares":true,"showImageEffects":true,"showParticleSystems":true},"in2DMode":false,"pivot":{"x":-0.39659786224365237,"y":1.5080864429473878,"z":-0.0010678768157958985},"rotation":{"x":-0.3058956265449524,"y":-0.10628686845302582,"z":0.03438802808523178,"w":-0.9454885125160217},"size":14.428156852722168,"orthographic":false}