{"cameraMode":{"drawMode":0,"name":"Shaded","section":"Shading Mode"},"sceneLighting":false,"audioPlay":false,"sceneViewState":{"showFog":true,"showMaterialUpdate":false,"showSkybox":true,"showFlares":true,"showImageEffects":true,"showParticleSystems":true},"in2DMode":false,"pivot":{"x":-1.8099365234375,"y":4.60302734375,"z":-3.57470703125},"rotation":{"x":0.04860192909836769,"y":-0.10617094486951828,"z":0.0051976959221065048,"w":0.9931458234786987},"size":4.433136940002441,"orthographic":true}