{"cameraMode":{"drawMode":0,"name":"Shaded","section":"Shading Mode"},"sceneLighting":false,"audioPlay":false,"sceneViewState":{"showFog":true,"showMaterialUpdate":false,"showSkybox":true,"showFlares":true,"showImageEffects":true,"showParticleSystems":true},"in2DMode":false,"pivot":{"x":-27.75823974609375,"y":-0.015625,"z":-12.973241806030274},"rotation":{"x":0.2685514986515045,"y":0.3659064471721649,"z":-0.11114547401666641,"w":0.8841037154197693},"size":2.1885905265808107,"orthographic":true}