{"cameraMode":{"drawMode":0,"name":"Shaded","section":"Shading Mode"},"sceneLighting":true,"audioPlay":false,"sceneViewState":{"showFog":true,"showMaterialUpdate":false,"showSkybox":true,"showFlares":true,"showImageEffects":true,"showParticleSystems":true},"in2DMode":false,"pivot":{"x":393.3575134277344,"y":279.009521484375,"z":-85.5625},"rotation":{"x":-0.03898908197879791,"y":-0.0074943010695278648,"z":-0.0002920625847764313,"w":0.9992114901542664},"size":481.097900390625,"orthographic":true}