{"cameraMode":{"drawMode":0,"name":"Shaded","section":"Shading Mode"},"sceneLighting":true,"audioPlay":false,"sceneViewState":{"showFog":true,"showMaterialUpdate":false,"showSkybox":true,"showFlares":true,"showImageEffects":true,"showParticleSystems":true},"in2DMode":false,"pivot":{"x":-40.21385192871094,"y":31.343830108642579,"z":-73.20930480957031},"rotation":{"x":0.15159210562705995,"y":0.3125686049461365,"z":-0.050605256110429767,"w":0.9363545775413513},"size":9.586882591247559,"orthographic":false}