{"cameraMode":{"drawMode":0,"name":"Shaded","section":"Shading Mode"},"sceneLighting":true,"audioPlay":false,"sceneViewState":{"showFog":true,"showMaterialUpdate":false,"showSkybox":true,"showFlares":true,"showImageEffects":true,"showParticleSystems":true},"in2DMode":false,"pivot":{"x":357.5894470214844,"y":246.2232208251953,"z":-1.6134201288223267},"rotation":{"x":0.20203045010566712,"y":-0.775307834148407,"z":0.3038395345211029,"w":0.5155221223831177},"size":266.05450439453127,"orthographic":true}