{"cameraMode":{"drawMode":0,"name":"Shaded","section":"Shading Mode"},"sceneLighting":true,"audioPlay":false,"sceneViewState":{"showFog":true,"showMaterialUpdate":false,"showSkybox":true,"showFlares":true,"showImageEffects":true,"showParticleSystems":true},"in2DMode":false,"pivot":{"x":360.7077941894531,"y":270.1296691894531,"z":-4.9970703125},"rotation":{"x":0.02549445815384388,"y":0.014994483441114426,"z":-0.0003824532323051244,"w":0.9995624423027039},"size":467.8855285644531,"orthographic":false}