{"cameraMode":{"drawMode":0,"name":"Shaded","section":"Shading Mode"},"sceneLighting":false,"audioPlay":false,"sceneViewState":{"showFog":true,"showMaterialUpdate":false,"showSkybox":true,"showFlares":true,"showImageEffects":true,"showParticleSystems":true},"in2DMode":false,"pivot":{"x":127.50776672363281,"y":252.7937774658203,"z":20.521682739257814},"rotation":{"x":-0.32962799072265627,"y":0.39258670806884768,"z":0.15317480266094209,"w":0.8448423743247986},"size":272.1501770019531,"orthographic":true}