{"cameraMode":{"drawMode":0,"name":"Shaded","section":"Shading Mode"},"sceneLighting":true,"audioPlay":false,"sceneViewState":{"showFog":true,"showMaterialUpdate":false,"showSkybox":true,"showFlares":true,"showImageEffects":true,"showParticleSystems":true},"in2DMode":false,"pivot":{"x":154.16159057617188,"y":128.7181396484375,"z":179.03440856933595},"rotation":{"x":0.10295634716749191,"y":-0.8395339250564575,"z":0.17105624079704286,"w":0.5052945613861084},"size":346.506103515625,"orthographic":false}