{"cameraMode":{"drawMode":0,"name":"Shaded","section":"Shading Mode"},"sceneLighting":true,"audioPlay":false,"sceneViewState":{"showFog":true,"showMaterialUpdate":false,"showSkybox":true,"showFlares":true,"showImageEffects":true,"showParticleSystems":true},"in2DMode":false,"pivot":{"x":8.829727172851563,"y":3.250413656234741,"z":0.19008684158325196},"rotation":{"x":-0.07958760857582092,"y":0.7098610401153565,"z":-0.08127573132514954,"w":-0.6950952410697937},"size":22.0,"orthographic":false}