{"cameraMode":{"drawMode":0,"name":"Shaded","section":"Shading Mode"},"sceneLighting":false,"audioPlay":false,"sceneViewState":{"showFog":true,"showMaterialUpdate":false,"showSkybox":true,"showFlares":true,"showImageEffects":true,"showParticleSystems":true},"in2DMode":false,"pivot":{"x":0.0,"y":1.5946768522262574,"z":-5.101670265197754},"rotation":{"x":0.07331286370754242,"y":0.7068365812301636,"z":-0.07405947148799896,"w":0.6996588110923767},"size":8.826516151428223,"orthographic":true}